alarm_id;diagnose_id;alarm_time;meter_code;dept_code;recv_time;flow_state;temperature_state;water_leak_state;empty_pipe_state;reverse_flow_state;alarm_status;cust_id;MEASURING_POINT_ID
55737529;;2025/01/17 08:20:56.000000000;00KA24022822        ;0075                ;2025/01/17 08:20:56.000000000;0 ;0 ;0 ;1 ;0 ;0 ;50164572;50164565
55737530;;2025/01/17 08:20:57.000000000;00KA24022832        ;0075                ;2025/01/17 08:20:57.000000000;0 ;0 ;0 ;1 ;0 ;0 ;50164591;50164588
55737531;;2025/01/17 08:20:57.000000000;00KA24022823        ;0075                ;2025/01/17 08:20:58.000000000;0 ;0 ;0 ;1 ;0 ;0 ;50164585;50164579
55737532;;2025/01/17 08:21:07.000000000;00KA24022826        ;0075                ;2025/01/17 08:21:08.000000000;0 ;0 ;0 ;1 ;0 ;0 ;50164619;50164615
55737533;;2025/01/17 08:21:11.000000000;00KA24022837        ;0075                ;2025/01/17 08:21:12.000000000;0 ;0 ;0 ;1 ;0 ;0 ;50164649;50164647
55737534;;2025/01/17 08:21:22.000000000;00KA24022831        ;0075                ;2025/01/17 08:21:23.000000000;0 ;0 ;0 ;1 ;0 ;0 ;50164580;50164575
55737535;;2025/01/17 08:21:25.000000000;00KA24022833        ;0075                ;2025/01/17 08:21:26.000000000;0 ;0 ;0 ;1 ;0 ;0 ;50164606;50164599
55737536;;2025/01/17 08:21:36.000000000;00KA24022847        ;0075                ;2025/01/17 08:21:36.000000000;0 ;0 ;0 ;1 ;0 ;0 ;50164669;50164665
55737539;;2025/01/17 08:21:37.000000000;00KA24022836        ;0075                ;2025/01/17 08:21:38.000000000;0 ;0 ;0 ;1 ;0 ;0 ;50164637;50164635
55737540;;2025/01/17 08:21:42.000000000;00KA24021845        ;0075                ;2025/01/17 08:21:42.000000000;0 ;0 ;0 ;1 ;0 ;0 ;50161617;50161610
55737541;;2025/01/17 08:21:43.000000000;00KA24022838        ;0075                ;2025/01/17 08:21:44.000000000;0 ;0 ;0 ;1 ;0 ;0 ;50164661;50164658
55737542;;2025/01/17 08:21:44.000000000;00KB23006469        ;0075                ;2025/01/17 08:21:44.000000000;0 ;0 ;0 ;1 ;0 ;0 ;38728800;38733058
55737543;;2025/01/17 08:21:47.000000000;00KA24022841        ;0075                ;2025/01/17 08:21:48.000000000;0 ;0 ;0 ;1 ;0 ;0 ;50164592;50164587
55737544;;2025/01/17 08:21:48.000000000;00KB23006468        ;0075                ;2025/01/17 08:21:48.000000000;0 ;0 ;0 ;1 ;0 ;0 ;38728800;38733051
55737545;;2025/01/17 08:21:56.000000000;00KA24022852        ;0075                ;2025/01/17 08:21:57.000000000;0 ;0 ;0 ;1 ;0 ;0 ;50164634;50164630
55737546;;2025/01/17 08:21:57.000000000;00KA24022844        ;0075                ;2025/01/17 08:21:57.000000000;0 ;0 ;0 ;1 ;0 ;0 ;50164631;50164624
55737547;;2025/01/17 08:22:07.000000000;00KA24022846        ;0075                ;2025/01/17 08:22:08.000000000;0 ;0 ;0 ;1 ;0 ;0 ;50164659;50164652
55737548;;2025/01/17 08:22:18.000000000;00KA24022850        ;0075                ;2025/01/17 08:22:19.000000000;0 ;0 ;0 ;1 ;0 ;0 ;50164703;50164700
55737549;;2025/01/17 08:22:27.000000000;00KA24022853        ;0075                ;2025/01/17 08:22:28.000000000;0 ;0 ;0 ;1 ;0 ;0 ;50164646;50164642
55737550;;2025/01/17 08:22:35.000000000;00KA24021853        ;0075                ;2025/01/17 08:22:35.000000000;0 ;0 ;0 ;1 ;0 ;0 ;50161655;50161653
55737551;;2025/01/17 08:22:35.000000000;00KA24022857        ;0075                ;2025/01/17 08:22:35.000000000;0 ;0 ;0 ;1 ;0 ;0 ;50164697;50164692
55737552;;2025/01/17 08:22:40.000000000;00KA24022858        ;0075                ;2025/01/17 08:22:40.000000000;0 ;0 ;0 ;1 ;0 ;0 ;50164708;50164704
55737553;;2025/01/17 08:22:42.000000000;00KA24022859        ;0075                ;2025/01/17 08:22:43.000000000;0 ;0 ;0 ;1 ;0 ;0 ;50164718;50164716
55737554;;2025/01/17 08:22:46.000000000;00KA24022860        ;0075                ;2025/01/17 08:22:47.000000000;0 ;0 ;0 ;1 ;0 ;0 ;50164730;50164726
55737555;;2025/01/17 08:23:06.000000000;00KA24021733        ;0075                ;2025/01/17 08:23:06.000000000;0 ;0 ;0 ;1 ;0 ;0 ;50161307;50161304
55737556;;2025/01/17 08:23:08.000000000;00KA24022866        ;0075                ;2025/01/17 08:23:08.000000000;0 ;0 ;0 ;1 ;0 ;0 ;50164739;50164732
55737557;;2025/01/17 08:23:17.000000000;00KA24022869        ;0075                ;2025/01/17 08:23:17.000000000;0 ;0 ;0 ;1 ;0 ;0 ;50164772;50164767
55737558;;2025/01/17 08:23:17.000000000;00KA24021702        ;0075                ;2025/01/17 08:23:17.000000000;0 ;0 ;0 ;1 ;0 ;0 ;50161206;50161204
55737559;;2025/01/17 08:23:19.000000000;00KA24022870        ;0075                ;2025/01/17 08:23:19.000000000;0 ;0 ;0 ;1 ;0 ;0 ;50164783;50164779
55737560;;2025/01/17 08:23:24.000000000;00KA24022882        ;0075                ;2025/01/17 08:23:25.000000000;0 ;0 ;0 ;1 ;0 ;0 ;50164728;50164719
55737561;;2025/01/17 08:23:27.000000000;00KA24021711        ;0075                ;2025/01/17 08:23:27.000000000;0 ;0 ;0 ;1 ;0 ;0 ;50161203;50161196
55737562;;2025/01/17 08:23:28.000000000;00KA24022873        ;0075                ;2025/01/17 08:23:28.000000000;0 ;0 ;0 ;1 ;0 ;0 ;50164727;50164721
55737563;;2025/01/17 08:23:37.000000000;00KA24022877        ;0075                ;2025/01/17 08:23:37.000000000;0 ;0 ;0 ;1 ;0 ;0 ;50164775;50164768
55737564;;2025/01/17 08:23:37.000000000;00KB23006721        ;0075                ;2025/01/17 08:23:37.000000000;0 ;0 ;0 ;1 ;0 ;0 ;38728800;38733557
55737565;;2025/01/17 08:23:39.000000000;00KA24021706        ;0075                ;2025/01/17 08:23:39.000000000;0 ;0 ;0 ;1 ;0 ;0 ;50161254;50161250
55737566;;2025/01/17 08:23:41.000000000;00KA24021754        ;0075                ;2025/01/17 08:23:42.000000000;0 ;0 ;0 ;1 ;0 ;0 ;50161356;50161351
55737567;;2025/01/17 08:23:50.000000000;00KA24022880        ;0075                ;2025/01/17 08:23:50.000000000;0 ;0 ;0 ;1 ;0 ;0 ;50164813;50164806
55737568;;2025/01/17 08:24:00.000000000;00KA24022885        ;0075                ;2025/01/17 08:24:01.000000000;0 ;0 ;0 ;1 ;0 ;0 ;50164766;50164758
55737569;;2025/01/17 08:24:07.000000000;00KA24022886        ;0075                ;2025/01/17 08:24:08.000000000;0 ;0 ;0 ;1 ;0 ;0 ;50164778;50164774
55737570;;2025/01/17 08:24:08.000000000;00KA24022895        ;0075                ;2025/01/17 08:24:08.000000000;0 ;0 ;0 ;1 ;0 ;0 ;50164789;50164782
55737573;;2025/01/17 08:24:11.000000000;00KA24022887        ;0075                ;2025/01/17 08:24:11.000000000;0 ;0 ;0 ;1 ;0 ;0 ;50164790;50164785
55737574;;2025/01/17 08:24:12.000000000;00KA24022888        ;0075                ;2025/01/17 08:24:13.000000000;0 ;0 ;0 ;1 ;0 ;0 ;50164801;50164794
55737575;;2025/01/17 08:24:17.000000000;00KA24022891        ;0075                ;2025/01/17 08:24:18.000000000;0 ;0 ;0 ;1 ;0 ;0 ;50164741;50164734
55737576;;2025/01/17 08:24:20.000000000;00KA24022892        ;0075                ;2025/01/17 08:24:21.000000000;0 ;0 ;0 ;1 ;0 ;0 ;50164754;50164745
55737577;;2025/01/17 08:24:24.000000000;00KA24022893        ;0075                ;2025/01/17 08:24:25.000000000;0 ;0 ;0 ;1 ;0 ;0 ;50164765;50164759
55737578;;2025/01/17 08:24:27.000000000;00KA24022894        ;0075                ;2025/01/17 08:24:28.000000000;0 ;0 ;0 ;1 ;0 ;0 ;50164776;50164769
55737579;;2025/01/17 08:24:43.000000000;00KA24022898        ;0075                ;2025/01/17 08:24:43.000000000;0 ;0 ;0 ;1 ;0 ;0 ;50164825;50164820
55737580;;2025/01/17 08:24:45.000000000;00KA24022900        ;0075                ;2025/01/17 08:24:45.000000000;0 ;0 ;0 ;1 ;0 ;0 ;50164854;50164845
55737581;;2025/01/17 08:24:51.000000000;00KA24022911        ;0075                ;2025/01/17 08:24:52.000000000;0 ;0 ;0 ;1 ;0 ;0 ;50164826;50164821
55737582;;2025/01/17 08:25:05.000000000;00KA24022905        ;0075                ;2025/01/17 08:25:05.000000000;0 ;0 ;0 ;1 ;0 ;0 ;50164844;50164842
55737583;;2025/01/17 08:25:21.000000000;00KA24022921        ;0075                ;2025/01/17 08:25:21.000000000;0 ;0 ;0 ;1 ;0 ;0 ;50164829;50164827
55737584;;2025/01/17 08:25:28.000000000;00KA24022914        ;0075                ;2025/01/17 08:25:28.000000000;0 ;0 ;0 ;1 ;0 ;0 ;50164863;50164857
55737585;;2025/01/17 08:25:28.000000000;00KA24022913        ;0075                ;2025/01/17 08:25:29.000000000;0 ;0 ;0 ;1 ;0 ;0 ;50164851;50164846
55737586;;2025/01/17 08:25:29.000000000;00KA24022923        ;0075                ;2025/01/17 08:25:29.000000000;0 ;0 ;0 ;1 ;0 ;0 ;50164852;50164848
55737587;;2025/01/17 08:25:33.000000000;00KA24022916        ;0075                ;2025/01/17 08:25:33.000000000;0 ;0 ;0 ;1 ;0 ;0 ;50164883;50164881
55737588;;2025/01/17 08:25:36.000000000;00KA24022915        ;0075                ;2025/01/17 08:25:36.000000000;0 ;0 ;0 ;1 ;0 ;0 ;50164875;50164869
55737589;;2025/01/17 08:25:44.000000000;00KA24021751        ;0075                ;2025/01/17 08:25:45.000000000;0 ;0 ;0 ;1 ;0 ;0 ;50161320;50161318
55737590;;2025/01/17 08:25:46.000000000;00KA24021756        ;0075                ;2025/01/17 08:25:46.000000000;0 ;0 ;0 ;1 ;0 ;0 ;50161377;50161375
55737591;;2025/01/17 08:25:47.000000000;00KA24022919        ;0075                ;2025/01/17 08:25:48.000000000;0 ;0 ;0 ;1 ;0 ;0 ;50164916;50164912
55737592;;2025/01/17 08:26:07.000000000;00KA24022927        ;0075                ;2025/01/17 08:26:07.000000000;0 ;0 ;0 ;1 ;0 ;0 ;50164903;50164899
55737593;;2025/01/17 08:26:08.000000000;00KA24021763        ;0075                ;2025/01/17 08:26:08.000000000;0 ;0 ;0 ;1 ;0 ;0 ;50161347;50161345
55737594;;2025/01/17 08:26:13.000000000;00KA24021769        ;0075                ;2025/01/17 08:26:13.000000000;0 ;0 ;0 ;1 ;0 ;0 ;50161422;50161417
55737595;;2025/01/17 08:26:16.000000000;00KA24021808        ;0075                ;2025/01/17 08:26:16.000000000;0 ;0 ;0 ;1 ;0 ;0 ;50161527;50161523
55737596;;2025/01/17 08:26:22.000000000;00KA24021753        ;0075                ;2025/01/17 08:26:23.000000000;0 ;0 ;0 ;1 ;0 ;0 ;50161344;50161338
55737599;;2025/01/17 08:26:24.000000000;00KA24022933        ;0075                ;2025/01/17 08:26:24.000000000;0 ;0 ;0 ;1 ;0 ;0 ;50164890;50164884
55737600;;2025/01/17 08:26:32.000000000;00KA24022934        ;0075                ;2025/01/17 08:26:33.000000000;0 ;0 ;0 ;1 ;0 ;0 ;50164898;50164896
55737601;;2025/01/17 08:26:37.000000000;00KA24022936        ;0075                ;2025/01/17 08:26:38.000000000;0 ;0 ;0 ;1 ;0 ;0 ;50164922;50164920
55737602;;2025/01/17 08:26:39.000000000;00KA24022937        ;0075                ;2025/01/17 08:26:40.000000000;0 ;0 ;0 ;1 ;0 ;0 ;50164934;50164932
55737603;;2025/01/17 08:26:44.000000000;00KA24022938        ;0075                ;2025/01/17 08:26:44.000000000;0 ;0 ;0 ;1 ;0 ;0 ;50164945;50164942
55737604;;2025/01/17 08:26:44.000000000;00KA24022940        ;0075                ;2025/01/17 08:26:45.000000000;0 ;0 ;0 ;1 ;0 ;0 ;50164967;50164964
55737605;;2025/01/17 08:26:47.000000000;00KA24022939        ;0075                ;2025/01/17 08:26:47.000000000;0 ;0 ;0 ;1 ;0 ;0 ;50164955;50164953
55737606;;2025/01/17 08:26:53.000000000;00KA24022941        ;0075                ;2025/01/17 08:26:54.000000000;0 ;0 ;0 ;1 ;0 ;0 ;50164918;50164911
55737607;;2025/01/17 08:27:04.000000000;00KA24022945        ;0075                ;2025/01/17 08:27:05.000000000;0 ;0 ;0 ;1 ;0 ;0 ;50164963;50164959
55737608;;2025/01/17 08:27:08.000000000;00KA24022956        ;0075                ;2025/01/17 08:27:08.000000000;0 ;0 ;0 ;1 ;0 ;0 ;50164999;50164996
55737609;;2025/01/17 08:27:22.000000000;00KA24022952        ;0075                ;2025/01/17 08:27:23.000000000;0 ;0 ;0 ;1 ;0 ;0 ;50164952;50164947
55737610;;2025/01/17 08:27:39.000000000;00KA24022958        ;0075                ;2025/01/17 08:27:40.000000000;0 ;0 ;0 ;1 ;0 ;0 ;50165020;50165016
55737611;;2025/01/17 08:27:40.000000000;00KA24022957        ;0075                ;2025/01/17 08:27:41.000000000;0 ;0 ;0 ;1 ;0 ;0 ;50165010;50165007
55737612;;2025/01/17 08:27:48.000000000;00KA24022969        ;0075                ;2025/01/17 08:27:49.000000000;0 ;0 ;0 ;1 ;0 ;0 ;50165055;50165050
55737613;;2025/01/17 08:27:49.000000000;00KA24022960        ;0075                ;2025/01/17 08:27:50.000000000;0 ;0 ;0 ;1 ;0 ;0 ;50165045;50165041
55737614;;2025/01/17 08:28:04.000000000;00KA24021801        ;0075                ;2025/01/17 08:28:04.000000000;0 ;0 ;0 ;1 ;0 ;0 ;50161443;50161441
55737615;;2025/01/17 08:28:10.000000000;00KA24021858        ;0075                ;2025/01/17 08:28:10.000000000;0 ;0 ;0 ;1 ;0 ;0 ;50161723;50161718
55737616;;2025/01/17 08:28:14.000000000;00KA24022968        ;0075                ;2025/01/17 08:28:14.000000000;0 ;0 ;0 ;1 ;0 ;0 ;50165043;50165040
55737617;;2025/01/17 08:28:23.000000000;00KA24022980        ;0075                ;2025/01/17 08:28:23.000000000;0 ;0 ;0 ;1 ;0 ;0 ;50165084;50165082
55737618;;2025/01/17 08:28:31.000000000;00KA24022974        ;0075                ;2025/01/17 08:28:32.000000000;0 ;0 ;0 ;1 ;0 ;0 ;50165017;50165012
55737619;;2025/01/17 08:28:35.000000000;00KA24022975        ;0075                ;2025/01/17 08:28:35.000000000;0 ;0 ;0 ;1 ;0 ;0 ;50165028;50165023
55737620;;2025/01/17 08:28:39.000000000;00KA24022978        ;0075                ;2025/01/17 08:28:40.000000000;0 ;0 ;0 ;1 ;0 ;0 ;50165060;50165058
55737623;;2025/01/17 08:28:41.000000000;00KA24022977        ;0075                ;2025/01/17 08:28:41.000000000;0 ;0 ;0 ;1 ;0 ;0 ;50165049;50165046
55737624;;2025/01/17 08:28:41.000000000;00KA24022979        ;0075                ;2025/01/17 08:28:42.000000000;0 ;0 ;0 ;1 ;0 ;0 ;50165072;50165070
55737625;;2025/01/17 08:29:04.000000000;00KA24022985        ;0075                ;2025/01/17 08:29:04.000000000;0 ;0 ;0 ;1 ;0 ;0 ;50165093;50165085
55737626;;2025/01/17 08:29:04.000000000;00KA24022995        ;0075                ;2025/01/17 08:29:04.000000000;0 ;0 ;0 ;1 ;0 ;0 ;50165105;50165100
55737627;;2025/01/17 08:29:06.000000000;00KA21016618        ;0045                ;2025/01/17 08:29:07.000000000;0 ;0 ;0 ;1 ;0 ;0 ;15001748;15001744
55737628;;2025/01/17 08:29:13.000000000;00KA24022989        ;0075                ;2025/01/17 08:29:13.000000000;0 ;0 ;0 ;1 ;0 ;0 ;50165141;50165139
55737629;;2025/01/17 08:29:16.000000000;00KA24022990        ;0075                ;2025/01/17 08:29:17.000000000;0 ;0 ;0 ;1 ;0 ;0 ;50165153;50165151
55737630;;2025/01/17 08:29:19.000000000;00KA24022991        ;0075                ;2025/01/17 08:29:20.000000000;0 ;0 ;0 ;1 ;0 ;0 ;50165057;50165052
55737631;;2025/01/17 08:29:40.000000000;00KA24022998        ;0075                ;2025/01/17 08:29:40.000000000;0 ;0 ;0 ;1 ;0 ;0 ;50165138;50165134
55737632;;2025/01/17 08:29:48.000000000;00KA24023000        ;0075                ;2025/01/17 08:29:49.000000000;0 ;0 ;0 ;1 ;0 ;0 ;50165162;50165157
55737633;;2025/01/17 08:29:55.000000000;00KA24023002        ;0075                ;2025/01/17 08:29:56.000000000;0 ;0 ;0 ;1 ;0 ;0 ;50165090;50165086
55737634;;2025/01/17 08:30:08.000000000;00KA24021859        ;0075                ;2025/01/17 08:30:08.000000000;0 ;0 ;0 ;1 ;0 ;0 ;50161734;50161731
55737635;;2025/01/17 08:30:09.000000000;00KA24023007        ;0075                ;2025/01/17 08:30:09.000000000;0 ;0 ;0 ;1 ;0 ;0 ;50165148;50165143
55737636;;2025/01/17 08:30:13.000000000;00KA24023009        ;0075                ;2025/01/17 08:30:14.000000000;0 ;0 ;0 ;1 ;0 ;0 ;50165173;50165169
55737637;;2025/01/17 08:30:15.000000000;00KA24023008        ;0075                ;2025/01/17 08:30:16.000000000;0 ;0 ;0 ;1 ;0 ;0 ;50165161;50165156
55737638;;2025/01/17 08:30:19.000000000;00KA24023011        ;0075                ;2025/01/17 08:30:20.000000000;0 ;0 ;0 ;1 ;0 ;0 ;50165096;50165092
55737639;;2025/01/17 08:30:25.000000000;00KA24023012        ;0075                ;2025/01/17 08:30:26.000000000;0 ;0 ;0 ;1 ;0 ;0 ;50165108;50165103
55737640;;2025/01/17 08:30:27.000000000;00KA24023014        ;0075                ;2025/01/17 08:30:27.000000000;0 ;0 ;0 ;1 ;0 ;0 ;50165135;50165129
55737641;;2025/01/17 08:30:35.000000000;00KA24023025        ;0075                ;2025/01/17 08:30:36.000000000;0 ;0 ;0 ;1 ;0 ;0 ;50165213;50165211
55737642;;2025/01/17 08:30:40.000000000;00KA24023018        ;0075                ;2025/01/17 08:30:40.000000000;0 ;0 ;0 ;1 ;0 ;0 ;50165183;50165178
55737643;;2025/01/17 08:30:46.000000000;00KA24021849        ;0075                ;2025/01/17 08:30:46.000000000;0 ;0 ;0 ;1 ;0 ;0 ;50161662;50161660
55737644;;2025/01/17 08:30:57.000000000;00KA24023023        ;0075                ;2025/01/17 08:30:58.000000000;0 ;0 ;0 ;1 ;0 ;0 ;50165189;50165187
55737647;;2025/01/17 08:31:02.000000000;00KA24023032        ;0075                ;2025/01/17 08:31:03.000000000;0 ;0 ;0 ;1 ;0 ;0 ;50165186;50165181
55737648;;2025/01/17 08:31:13.000000000;00KA24023028        ;0075                ;2025/01/17 08:31:13.000000000;0 ;0 ;0 ;1 ;0 ;0 ;50165249;50165243
55737649;;2025/01/17 08:31:16.000000000;00KA24023029        ;0075                ;2025/01/17 08:31:16.000000000;0 ;0 ;0 ;1 ;0 ;0 ;50165260;50165256
55737650;;2025/01/17 08:31:16.000000000;00KA24023030        ;0075                ;2025/01/17 08:31:17.000000000;0 ;0 ;0 ;1 ;0 ;0 ;50165273;50165268
55737651;;2025/01/17 08:31:22.000000000;00KA24023031        ;0075                ;2025/01/17 08:31:23.000000000;0 ;0 ;0 ;1 ;0 ;0 ;50165174;50165167
55737652;;2025/01/17 08:31:26.000000000;00KA24023034        ;0075                ;2025/01/17 08:31:26.000000000;0 ;0 ;0 ;1 ;0 ;0 ;50165210;50165205
55737653;;2025/01/17 08:31:26.000000000;00KB23006788        ;0075                ;2025/01/17 08:31:27.000000000;0 ;0 ;0 ;1 ;0 ;0 ;38728800;38733659
55737655;;2025/01/17 08:31:27.000000000;00KB23006785        ;0075                ;2025/01/17 08:31:28.000000000;0 ;0 ;0 ;1 ;0 ;0 ;38728800;38733702
55737654;;2025/01/17 08:31:28.000000000;00KA24023033        ;0075                ;2025/01/17 08:31:29.000000000;0 ;0 ;0 ;1 ;0 ;0 ;50165197;50165192
55737656;;2025/01/17 08:31:43.000000000;00KA24023038        ;0075                ;2025/01/17 08:31:43.000000000;0 ;0 ;0 ;1 ;0 ;0 ;50165255;50165253
55737657;;2025/01/17 08:31:45.000000000;00KA24023040        ;0075                ;2025/01/17 08:31:46.000000000;0 ;0 ;0 ;1 ;0 ;0 ;50165279;50165277
55737658;;2025/01/17 08:32:02.000000000;00KA24023045        ;0075                ;2025/01/17 08:32:03.000000000;0 ;0 ;0 ;1 ;0 ;0 ;50165250;50165242
55737659;;2025/01/17 08:32:06.000000000;00KA24023047        ;0075                ;2025/01/17 08:32:06.000000000;0 ;0 ;0 ;1 ;0 ;0 ;50165275;50165270
55737660;;2025/01/17 08:32:21.000000000;00KA24023052        ;0075                ;2025/01/17 08:32:22.000000000;0 ;0 ;0 ;1 ;0 ;0 ;50165228;50165226
55737661;;2025/01/17 08:32:38.000000000;00KA24021916        ;0075                ;2025/01/17 08:32:39.000000000;0 ;0 ;0 ;1 ;0 ;0 ;50161862;50161860
55737662;;2025/01/17 08:32:41.000000000;00KA20000851        ;0010                ;2025/01/17 08:32:41.000000000;0 ;0 ;0 ;1 ;0 ;0 ;-1;-1
55737663;;2025/01/17 08:32:42.000000000;00KA24021896        ;0075                ;2025/01/17 08:32:43.000000000;0 ;0 ;0 ;1 ;0 ;0 ;50161823;50161820
55737664;;2025/01/17 08:32:47.000000000;00KA24023069        ;0075                ;2025/01/17 08:32:48.000000000;0 ;0 ;0 ;1 ;0 ;0 ;50165351;50165349
55737665;;2025/01/17 08:32:51.000000000;00KA24023062        ;0075                ;2025/01/17 08:32:51.000000000;0 ;0 ;0 ;1 ;0 ;0 ;50165297;50165294
55737666;;2025/01/17 08:32:52.000000000;00KA24023061        ;0075                ;2025/01/17 08:32:52.000000000;0 ;0 ;0 ;1 ;0 ;0 ;50165287;50165280
55737667;;2025/01/17 08:32:58.000000000;00KA24023072        ;0075                ;2025/01/17 08:32:59.000000000;0 ;0 ;0 ;1 ;0 ;0 ;50165303;50165301
55737668;;2025/01/17 08:33:03.000000000;00KA24023066        ;0075                ;2025/01/17 08:33:03.000000000;0 ;0 ;0 ;1 ;0 ;0 ;50165333;50165331
55737669;;2025/01/17 08:33:07.000000000;00KA24023067        ;0075                ;2025/01/17 08:33:07.000000000;0 ;0 ;0 ;1 ;0 ;0 ;50165339;50165337
55737670;;2025/01/17 08:33:17.000000000;00KB23006732        ;0075                ;2025/01/17 08:33:17.000000000;0 ;0 ;0 ;1 ;0 ;0 ;38728800;38733597
55737671;;2025/01/17 08:33:28.000000000;00KA24023073        ;0075                ;2025/01/17 08:33:28.000000000;0 ;0 ;0 ;1 ;0 ;0 ;50165315;50165312
55737672;;2025/01/17 08:33:41.000000000;00KA24023078        ;0075                ;2025/01/17 08:33:41.000000000;0 ;0 ;0 ;1 ;0 ;0 ;50165348;50165346
55737675;;2025/01/17 08:35:09.000000000;00KB23006790        ;0075                ;2025/01/17 08:35:09.000000000;0 ;0 ;0 ;1 ;0 ;0 ;38728800;38733676
55737676;;2025/01/17 08:35:13.000000000;00KA24022115        ;0075                ;2025/01/17 08:35:14.000000000;0 ;0 ;0 ;1 ;0 ;0 ;50162449;50162445
55737677;;2025/01/17 08:35:41.000000000;00KB23006761        ;0075                ;2025/01/17 08:35:41.000000000;0 ;0 ;0 ;1 ;0 ;0 ;38728800;38733638
55737678;;2025/01/17 08:35:44.000000000;00KA24021951        ;0003                ;2025/01/17 08:35:44.000000000;0 ;0 ;0 ;1 ;0 ;0 ;55193155;55193153
55737679;;2025/01/17 08:35:50.000000000;00KA24022116        ;0075                ;2025/01/17 08:35:50.000000000;0 ;0 ;0 ;1 ;0 ;0 ;50162459;50162454
55737680;;2025/01/17 08:36:23.000000000;00KB21003162        ;0010                ;2025/01/17 08:36:23.000000000;0 ;0 ;1 ;0 ;0 ;0 ;8647416;8647412
55737681;;2025/01/17 08:36:27.000000000;00KB23006749        ;0075                ;2025/01/17 08:36:28.000000000;0 ;0 ;0 ;1 ;0 ;0 ;38728800;38733593
55737682;;2025/01/17 08:37:47.000000000;00KA24022041        ;0003                ;2025/01/17 08:37:48.000000000;0 ;0 ;0 ;0 ;1 ;0 ;54316030;54316028
55737687;;2025/01/17 08:40:21.000000000;00KB23006858        ;0075                ;2025/01/17 08:40:22.000000000;0 ;0 ;0 ;1 ;0 ;0 ;38728800;38733815
55737688;;2025/01/17 08:41:15.000000000;00KB23006888        ;0075                ;2025/01/17 08:41:15.000000000;0 ;0 ;0 ;1 ;0 ;0 ;38728800;38733884
55737693;;2025/01/17 08:42:45.000000000;00KB23006887        ;0075                ;2025/01/17 08:42:46.000000000;0 ;0 ;0 ;1 ;0 ;0 ;38728800;38733878
55737694;;2025/01/17 08:43:03.000000000;00KB23006883        ;0075                ;2025/01/17 08:43:03.000000000;0 ;0 ;0 ;1 ;0 ;0 ;38728800;38733893
55737695;;2025/01/17 08:43:05.000000000;00KB23006882        ;0075                ;2025/01/17 08:43:05.000000000;0 ;0 ;0 ;1 ;0 ;0 ;38728800;38733886
55737696;;2025/01/17 08:43:09.000000000;00KA20006898        ;0005                ;2025/01/17 08:43:10.000000000;0 ;0 ;0 ;1 ;0 ;0 ;6094815;6094811
55737697;;2025/01/17 08:43:12.000000000;00KA20006888        ;0045                ;2025/01/17 08:43:13.000000000;0 ;0 ;0 ;1 ;0 ;0 ;15002656;15002647
55737698;;2025/01/17 08:43:31.000000000;00KB23006893        ;0075                ;2025/01/17 08:43:32.000000000;0 ;0 ;0 ;1 ;0 ;0 ;38728800;38733927
55737701;;2025/01/17 08:46:29.000000000;00KA24022331        ;0075                ;2025/01/17 08:46:29.000000000;0 ;0 ;0 ;1 ;0 ;0 ;50163080;50163072
55737702;;2025/01/17 08:48:33.000000000;00KB23007021        ;0075                ;2025/01/17 08:48:33.000000000;0 ;0 ;0 ;1 ;0 ;0 ;38728800;38734155
55737705;;2025/01/17 08:51:37.000000000;00KA24022478        ;0075                ;2025/01/17 08:51:38.000000000;0 ;0 ;0 ;1 ;0 ;0 ;50163573;50163568
55737706;;2025/01/17 08:51:44.000000000;00KA21017049        ;0005                ;2025/01/17 08:51:44.000000000;0 ;0 ;0 ;1 ;0 ;0 ;-1;-1
55737709;;2025/01/17 08:52:39.000000000;00KA24020266        ;0003                ;2025/01/17 08:52:39.000000000;0 ;0 ;0 ;0 ;1 ;0 ;54315465;54315462
55737710;;2025/01/17 08:57:41.000000000;00KB23007241        ;0126                ;2025/01/17 08:57:42.000000000;0 ;0 ;0 ;1 ;0 ;0 ;50192903;50192896
55737716;55737715;2025/01/17 08:59:33.000000000;00KA21019078        ;0075                ;2025/01/17 08:59:34.000000000;0 ;0 ;0 ;1 ;0 ;0 ;50256064;50256062
55737717;;2025/01/17 09:00:50.000000000;00KA19000063        ;0009                ;2025/01/17 09:00:51.000000000;0 ;0 ;0 ;1 ;0 ;0 ;1442820;1442815
55737718;;2025/01/17 09:01:43.000000000;00KA24022466        ;0075                ;2025/01/17 09:01:43.000000000;0 ;0 ;0 ;1 ;0 ;0 ;50163546;50163540
55737719;;2025/01/17 09:01:53.000000000;00KB21003680        ;0039                ;2025/01/17 09:01:53.000000000;0 ;0 ;0 ;1 ;0 ;0 ;15238466;15238464
55737720;;2025/01/17 09:03:52.000000000;00KA21020105        ;0051                ;2025/01/17 09:03:52.000000000;0 ;1 ;0 ;0 ;0 ;0 ;19012512;19012509
55737721;;2025/01/17 09:04:24.000000000;252100000119        ;0075                ;2025/01/17 09:04:24.000000000;0 ;0 ;0 ;1 ;0 ;0 ;36138538;36137182
55737722;;2025/01/17 09:05:34.000000000;00KA21013769        ;0010                ;2025/01/17 09:05:34.000000000;0 ;0 ;0 ;0 ;1 ;0 ;2984794;2984787
55737725;;2025/01/17 09:05:51.000000000;00KA24022548        ;0075                ;2025/01/17 09:05:52.000000000;0 ;0 ;0 ;1 ;0 ;0 ;50163813;50163810
55737726;;2025/01/17 09:06:21.000000000;00KA20010160        ;0045                ;2025/01/17 09:06:22.000000000;0 ;0 ;0 ;1 ;0 ;0 ;15001733;15001730
55737727;;2025/01/17 09:07:08.000000000;00KA20010164        ;0045                ;2025/01/17 09:07:08.000000000;0 ;0 ;0 ;1 ;0 ;0 ;15002738;15002730
55737728;;2025/01/17 09:08:33.000000000;00KA24022594        ;0075                ;2025/01/17 09:08:33.000000000;0 ;0 ;0 ;1 ;0 ;0 ;50163887;50163881
55737729;;2025/01/17 09:08:34.000000000;00KA20003802        ;0008                ;2025/01/17 09:08:35.000000000;0 ;0 ;0 ;1 ;0 ;0 ;-1;-1
55737730;;2025/01/17 09:08:38.000000000;00KA21020197        ;0017                ;2025/01/17 09:08:38.000000000;0 ;0 ;0 ;1 ;0 ;0 ;-1;-1
55737733;;2025/01/17 09:09:01.000000000;00KA19000209        ;0038                ;2025/01/17 09:09:01.000000000;0 ;0 ;0 ;1 ;0 ;0 ;8710635;8710633
55737734;;2025/01/17 09:09:11.000000000;00KB23006722        ;0075                ;2025/01/17 09:09:12.000000000;0 ;0 ;0 ;1 ;0 ;0 ;38728800;38733566
55737735;;2025/01/17 09:09:31.000000000;00KA24022613        ;0075                ;2025/01/17 09:09:31.000000000;0 ;0 ;0 ;1 ;0 ;0 ;50163933;50163931
55737736;;2025/01/17 09:10:01.000000000;00KA20003829        ;0008                ;2025/01/17 09:10:01.000000000;0 ;0 ;0 ;0 ;1 ;0 ;1842312;1842310
55737737;;2025/01/17 09:10:46.000000000;00KA24022638        ;0075                ;2025/01/17 09:10:46.000000000;0 ;0 ;0 ;1 ;0 ;0 ;50164065;50164062
55737738;;2025/01/17 09:12:12.000000000;202304221101        ;0075                ;2025/01/17 09:12:13.000000000;0 ;0 ;0 ;1 ;0 ;0 ;42285292;42285200
55737741;;2025/01/17 09:12:17.000000000;00KA24020253        ;0003                ;2025/01/17 09:12:17.000000000;0 ;0 ;0 ;1 ;0 ;0 ;53777752;53777748
55737742;;2025/01/17 09:12:23.000000000;00KA20010255        ;0005                ;2025/01/17 09:12:23.000000000;0 ;0 ;0 ;1 ;0 ;0 ;-1;-1
55737743;;2025/01/17 09:12:42.000000000;00KA24020270        ;0003                ;2025/01/17 09:12:43.000000000;0 ;0 ;0 ;0 ;1 ;0 ;54315392;54315388
55737744;;2025/01/17 09:12:51.000000000;00KA24020263        ;0003                ;2025/01/17 09:12:52.000000000;0 ;0 ;0 ;1 ;0 ;0 ;54315430;54315426
55737745;;2025/01/17 09:13:41.000000000;00KA20007544        ;0045                ;2025/01/17 09:13:42.000000000;0 ;0 ;0 ;1 ;0 ;0 ;15002186;15002181
55737746;;2025/01/17 09:14:02.000000000;00KA20010312        ;0045                ;2025/01/17 09:14:03.000000000;0 ;0 ;0 ;1 ;0 ;0 ;15002792;15002787
55737747;;2025/01/17 09:14:32.000000000;00KA20010318        ;0045                ;2025/01/17 09:14:33.000000000;0 ;0 ;0 ;1 ;0 ;0 ;15002717;15002713
55737748;;2025/01/17 09:15:17.000000000;00KA21020332        ;0006                ;2025/01/17 09:15:18.000000000;0 ;0 ;0 ;1 ;0 ;0 ;31288656;31288651
55737749;;2025/01/17 09:16:01.000000000;00KA24022896        ;0075                ;2025/01/17 09:16:01.000000000;0 ;0 ;0 ;1 ;0 ;0 ;50164802;50164796
55737750;;2025/01/17 09:16:26.000000000;00KA24020336        ;0003                ;2025/01/17 09:16:27.000000000;0 ;0 ;0 ;1 ;0 ;0 ;53984029;53984025
55737753;;2025/01/17 09:16:28.000000000;00KA24022875        ;0075                ;2025/01/17 09:16:29.000000000;0 ;0 ;0 ;1 ;0 ;0 ;50164751;50164744
55737754;;2025/01/17 09:16:57.000000000;00KA24022805        ;0075                ;2025/01/17 09:16:57.000000000;0 ;0 ;0 ;1 ;0 ;0 ;50164523;50164515
55737755;;2025/01/17 09:16:57.000000000;00KA24022813        ;0075                ;2025/01/17 09:16:58.000000000;0 ;0 ;0 ;1 ;0 ;0 ;50164522;50164516
55737756;;2025/01/17 09:17:02.000000000;00KA24022868        ;0075                ;2025/01/17 09:17:03.000000000;0 ;0 ;0 ;1 ;0 ;0 ;50164763;50164756
55737757;;2025/01/17 09:17:07.000000000;00KA24022855        ;0075                ;2025/01/17 09:17:08.000000000;0 ;0 ;0 ;1 ;0 ;0 ;50164671;50164666
55737758;;2025/01/17 09:17:35.000000000;00KA24022842        ;0075                ;2025/01/17 09:17:36.000000000;0 ;0 ;0 ;1 ;0 ;0 ;50164605;50164600
55737761;;2025/01/17 09:17:50.000000000;00KA24022843        ;0075                ;2025/01/17 09:17:50.000000000;0 ;0 ;0 ;1 ;0 ;0 ;50164617;50164611
55737762;;2025/01/17 09:18:02.000000000;00KA24022808        ;0075                ;2025/01/17 09:18:03.000000000;0 ;0 ;0 ;1 ;0 ;0 ;50164560;50164551
55737763;;2025/01/17 09:18:04.000000000;00KA21013999        ;0075                ;2025/01/17 09:18:04.000000000;0 ;0 ;0 ;1 ;0 ;0 ;50196053;50196046
55737764;;2025/01/17 09:18:11.000000000;00KA24022825        ;0075                ;2025/01/17 09:18:11.000000000;0 ;0 ;0 ;1 ;0 ;0 ;50164607;50164602
55737765;;2025/01/17 09:18:14.000000000;00KA24022803        ;0075                ;2025/01/17 09:18:15.000000000;0 ;0 ;0 ;1 ;0 ;0 ;50164499;50164491
55737766;;2025/01/17 09:18:24.000000000;00KA24022821        ;0075                ;2025/01/17 09:18:25.000000000;0 ;0 ;0 ;1 ;0 ;0 ;50164559;50164552
55737767;;2025/01/17 09:18:36.000000000;00KA24022811        ;0075                ;2025/01/17 09:18:37.000000000;0 ;0 ;0 ;1 ;0 ;0 ;50164500;50164493
55737768;;2025/01/17 09:18:44.000000000;00KA24020382        ;0003                ;2025/01/17 09:18:45.000000000;0 ;0 ;0 ;1 ;0 ;0 ;53984119;53984113
55737769;;2025/01/17 09:18:57.000000000;00KA24022802        ;0075                ;2025/01/17 09:18:57.000000000;0 ;0 ;0 ;1 ;0 ;0 ;50164485;50164479
55737770;;2025/01/17 09:19:09.000000000;00KA24022839        ;0075                ;2025/01/17 09:19:10.000000000;0 ;0 ;0 ;1 ;0 ;0 ;50164674;50164670
55737771;;2025/01/17 09:19:17.000000000;00KA24022828        ;0075                ;2025/01/17 09:19:17.000000000;0 ;0 ;0 ;1 ;0 ;0 ;50164644;50164638
55737772;;2025/01/17 09:19:18.000000000;00KA24022827        ;0075                ;2025/01/17 09:19:19.000000000;0 ;0 ;0 ;1 ;0 ;0 ;50164632;50164626
55737773;;2025/01/17 09:19:26.000000000;00KA24022854        ;0075                ;2025/01/17 09:19:26.000000000;0 ;0 ;0 ;1 ;0 ;0 ;50164657;50164654
55737774;;2025/01/17 09:19:30.000000000;00KA24022863        ;0075                ;2025/01/17 09:19:30.000000000;0 ;0 ;0 ;1 ;0 ;0 ;50164699;50164693
55737775;;2025/01/17 09:19:36.000000000;00KA24022830        ;0075                ;2025/01/17 09:19:37.000000000;0 ;0 ;0 ;1 ;0 ;0 ;50164664;50164662
55737776;;2025/01/17 09:19:38.000000000;00KA24022824        ;0075                ;2025/01/17 09:19:38.000000000;0 ;0 ;0 ;1 ;0 ;0 ;50164597;50164594
55737777;;2025/01/17 09:19:45.000000000;00KA24020402        ;0075                ;2025/01/17 09:19:45.000000000;0 ;0 ;0 ;1 ;0 ;0 ;-1;-1
55737778;;2025/01/17 09:19:46.000000000;00KA21014082        ;0075                ;2025/01/17 09:19:46.000000000;0 ;0 ;0 ;1 ;0 ;0 ;50196328;50196325
55737779;;2025/01/17 09:19:58.000000000;00KA21014068        ;0003                ;2025/01/17 09:19:58.000000000;0 ;0 ;0 ;1 ;0 ;0 ;50465965;50465959
55737780;;2025/01/17 09:20:09.000000000;00KA24022834        ;0075                ;2025/01/17 09:20:09.000000000;0 ;0 ;0 ;1 ;0 ;0 ;50164616;50164612
55737781;;2025/01/17 09:20:10.000000000;00KA20000439        ;0003                ;2025/01/17 09:20:10.000000000;0 ;0 ;0 ;1 ;0 ;0 ;243840;243838
55737782;;2025/01/17 09:20:10.000000000;00KA24022845        ;0075                ;2025/01/17 09:20:11.000000000;0 ;0 ;0 ;1 ;0 ;0 ;50164643;50164639
55737785;;2025/01/17 09:20:34.000000000;00KA24022862        ;0075                ;2025/01/17 09:20:35.000000000;0 ;0 ;0 ;1 ;0 ;0 ;50164687;50164682
55737786;;2025/01/17 09:20:37.000000000;00KA24020421        ;0003                ;2025/01/17 09:20:37.000000000;0 ;0 ;0 ;0 ;1 ;0 ;53984149;53984147
55737787;;2025/01/17 09:20:37.000000000;00KA24022835        ;0075                ;2025/01/17 09:20:38.000000000;0 ;0 ;0 ;1 ;0 ;0 ;50164628;50164623
55737788;;2025/01/17 09:20:42.000000000;00KA24022851        ;0075                ;2025/01/17 09:20:42.000000000;0 ;0 ;0 ;1 ;0 ;0 ;50164622;50164620
55737789;;2025/01/17 09:20:47.000000000;00KA24022840        ;0075                ;2025/01/17 09:20:47.000000000;0 ;0 ;0 ;1 ;0 ;0 ;50164688;50164683
55737790;;2025/01/17 09:20:48.000000000;00KA24022848        ;0075                ;2025/01/17 09:20:49.000000000;0 ;0 ;0 ;1 ;0 ;0 ;50164679;50164677
